ItemNumber,Posting Group,Description,Add Your Item Type Field Here!
0020-00Z,FG SEED KI,"SK, 14 UnivPods, Salad Lover's",
0021-00Z,FG SEED KI,"SK, 14P, Herb Lover's Seed Kit",
100235-0000,RAW,Flat Plant Spacer (China),
100824-0000,RAW,SuperGrow Nutrients (3oz.),
100828-0000,ACCESSORY,Aerovoir Stand,
1100-00B,FG GARDENS,"AeroGdn 7 aerator 100610, Blk",
200302-0000,SEED POD,"seed pod,7P,Celosia",
200450-0000,SEED POD,"Seed Pod, AG Std, Tomato",
203100-0000,SEED POD,"Seed Pod, Holy Basil",
203102-0000,SEED POD,"Seed Pod, AG Std, Basil, Genov",
203104-0000,SEED POD,"Seed Pod, AG Std, Basil",
203105-0000,SEED POD,"Seed Pod, AG Std, Basil",
203106-0000,SEED POD,"Seed Pod, AG Std, Basil",
203107-0000,SEED POD,"Seed Pod, AG Std, Basil",
203109-0000,SEED POD,"Seed Pod, AG Std, Basil",
203110-0000,SEED POD,"Seed Pod, AG Std, Catnip",
203114-0000,SEED POD,"seed pod, AG Std, Shungiku",
203126-0000,SEED POD,"Seed Pod, AG Std, Chives-M",
203128-0000,SEED POD,"Seed Pod, AG Std, Tarragon-T",
203131-0000,SEED POD,"Seed Pod, AG Std, Cilantro-M",
203139-0000,SEED POD,"Seed Pod, AG Std, Dill-T",
203150-0000,SEED POD,"Seed Pod, AG Std, Tomato",
203151-0000,SEED POD,"Seed Pod, AG Std, Tomato Red H",
203160-0000,SEED POD,"Seed Pod, AG Std, Chili Pepper",
203161-0000,SEED POD,"Seed Pod, AG Std, Pepper, Bell",
203162-0000,SEED POD,"Seed Pod, AG Std, Pepper",
203163-0000,SEED POD,"Seed Pod, AG Std, Pepper,",
203172-0000,SEED POD,"Seed Pod, AG Std, Parsley",
203173-0000,SEED POD,"Seed Pod, AG Std, Parsley",
203176-0000,SEED POD,"Seed Pod, AG Std, Marjoram-S",
203181-0000,SEED POD,"Seed Pod, AG Std, Mint",
203182-0000,SEED POD,"Seed Pod, AG Std, Mint, Lemon",
203186-0000,SEED POD,"Seed Pod, AG Std, Tomato",
203204-0000,SEED POD,"Seed Pod,AG Std, Oregano-S",
203211-0000,SEED POD,"Seed Pod, AG Std, Sage-M",
203212-0000,SEED POD,"Seed Pod, AG Std, Vinca",
203219-0000,SEED POD,"Seed Pod, AG Std, Phlox",
203220-0000,SEED POD,"Seed Pod, AG Std, Salad Greens",
203221-0000,SEED POD,"Seed Pod, AG Std, Mini Petunia",
203223-0000,SEED POD,"Seed Pod, AG Std, Romaine",
203231-0000,SEED POD,"Seed Pod, AG Std, Lavender-S",
203233-0000,SEED POD,"Seed Pod, AG Std, Gazania",
203243-0000,SEED POD,"Seed Pod, AG Std, Zinnia",
203251-0000,SEED POD,"Seed Pod, AG Std, Lemon Balm",
203252-0000,SEED POD,"Seed pod, AG Std, Thai Basil",
203262-0000,SEED POD,"Seed Pod, AG Std, Stock",
203264-0000,SEED POD,"Seed Pod, AG Std, Kale",
203270-0000,SEED POD,"Seed Pod, AG Std,Viola",
203271-0000,SEED POD,"Seed Pod, AG Std,Ghost Pepper",
203272-0000,SEED POD,"Seed Pod,AG Std,Anaheim Pepper",
203273-0000,SEED POD,"Seed Pod,AG Std,Poblano Pepper",
203274-0000,SEED POD,"Seed Pod,AG Std,Cayenne Pepper",
203281-0000,SEED POD,"Seed Pod, AG Std, Thyme-S",
203282-0000,SEED POD,"Seed Pod, AG Std, Baby Greens",
203283-0000,SEED POD,"Seed Pod, AG Std, Arugula",
203285-0000,SEED POD,"Seed Pod, AG Std, Tatsoi",
203287-0000,SEED POD,"Seed Pod, AG Std, Mustard",
203288-0000,SEED POD,"Seed Pod, AG Std, Cress",
203290-0000,SEED POD,"Seed Pod,  Black SeededSimpson",
203292-0000,SEED POD,"Seed Pod, Rouge D'Hiver",
203294-0000,SEED POD,"Seed Pod, Marvel of 4 Seasons",
203319-0000,SEED POD,"Seed pod, AG Std, Casc Petunia",
203326-0000,SEED POD,"Seed Pod, Mini Cherry Tomato",
203329-0000,SEED POD,"Seed Pod, AG Std, Rosemary",
203336-0000,SEED POD,"Seed Pod, AG Std, Collard Greens",
2100-00S,FG GARDENS,"AeroGdn 7P, Silver, No SK,",
2101-00B,FG GARDENS,"AeroGdn 7, Blk, GH SK",
2101-00S,FG GARDENS,"AeroGdn 7, Slv, GH SK",
2101-00W,FG GARDENS,"AeroGdn 7, Wht, GH SK",
2102-00B,FG GARDENS,"AeroGdn 7, Blk, GH SK, GA SK",
2102-00S,FG GARDENS,"AeroGdn 7, Slv, GH SK, GA SK",
2107-00B,FG GARDENS,AG7 w/GH & Cherry Tomato,
2108-00B,FG GARDENS,"AeroGdn 7, Blk, GH SK,  SSS",
2601-00B,FG GARDENS,"AeroGdn 7P, Black, G Herb SK",
2701-00B,FG GARDENS,"AeroGdn 7 LED, Blk, GH SK",
2703-00B,FG GARDENS,"AG7 LED, Bundle, WM.com",
3101-00B,FG GARDENS,"AeroGdn 3, Blk, GH SK",
3101-00W,FG GARDENS,"AeroGdn 3, Wht, GH SK",
3111-00B,FG GARDENS,"AeroGdn 3 SL, Blk, GH SK",
3111-00W,FG GARDENS,"AeroGdn 3 SL, Wht, GH SK",
3203-00B,FG GARDENS,"Sprout Plus BLK, Bundle,WM.com",
502162-0008,DISPLAYS,"Display, POP, CTC, Loaded, CA",
502537-0000,DISPLAYS,"Display, Macy's POP",
502538-0000,DISPLAYS,"Display, BBB POP",
502539-0000,DISPLAYS,"Display, Kohl's POP",
502552-0000,DISPLAYS,"Display, Costco POP",
502555-0000,DISPLAYS,"Display, POP, Macy's 2019",
502556-0000,DISPLAYS,"Display, POP, Kohls, Original 2019",
502561-0000,DISPLAYS,"Display, POP, Bed Bath & Beyond",
502568-0000,DISPLAYS,"Display, Ace Hardware POP, 2019",
502569-0000,DISPLAYS,"Display, POP, CTC 1/2 Pallet",
502570-0000,DISPLAYS,"Display, POP, CTC 1/4 Pallet",
506900-0000,RAW,"Herbie, Activity Book, Pizza",
506901-0000,RAW,"Herbie, Activity Book, Lettuce",
506902-0000,RAW,"Herbie, Activity Book, IC Mint",
506903-0000,RAW,"Herbie, Activity Book, Snapdrg",
603567-0000,DISPLAYS,"Display,Harvest Elite, BBB2015",
603568-0000,DISPLAYS,"Display,Harvest Plus Grey, BBB",
605006-0000,DISPLAYS,"PDQ, AG 3SL Walmart Dsply&Prod",
6101-00B,FG GARDENS,"AeroGdn 6, Blk, GH SK",
6103-00B,FG GARDENS,"AG6, Bundle, WM.com",
684AA,RAW,"Plant, Live Strawberry",
7101-00B,FG GARDENS,"AeroGdn EXTRA, Blk, GH SK",
7201-00B,FG GARDENS,"AeroGdn Extra LED, Blk, GH SK",
800150-0208,FG SEED KI,"SK, 7 Pod, Custom Kit, HERB",
800151-0208,FG SEED KI,"SK, 7 Pod, Custom Kit, VEG",
800152-0208,FG SEED KI,"SK, 7 Pod, Custom Kit, SALAD",
800153-0208,FG SEED KI,"SK,7 Pod, Custom Kit, FLOWER",
800154-0208,FG SEED KI,"SK, 3- Pod, Custom Kit, HERB",
800155-0208,FG SEED KI,"SK, 3- Pod, Custom Kit, VEGGIE",
800156-0208,FG SEED KI,"SK, 3- Pod, Custom Kit. SALAD",
800157-0208,FG SEED KI,"SK, 3- Pod, Custom Kit. FLOWER",
800237-0208,FG SEED KI,"SK, 7 Pod, Autumn Colors",
800238-0208,FG SEED KI,"SK, 7- Pod, Love Blooms, US",
800260-0208,FG SEED KI,SK 7 Pod Mega Cherry Tomato,
800285-0100,ACCESSORY,"Seed Starting System, Bounty (2019) Models",
800291-0208,ACCESSORY,"Seed Starting Sys, Universal",
800292-0100,ACCESSORY,Seed Starting System Sprout,
800292-0101,ACCESSORY,Seed Starting System Sprout EU,
800292-0208,ACCESSORY,Seed Starting System Sprout,
800293-0100,ACCESSORY,Seed Starting System Harvest,
800293-0101,ACCESSORY,Seed Starting System Harvst EU,
800293-0105,ACCESSORY,Seed Starting System Harvst FR,
800293-0208,ACCESSORY,"Seed Starting System, Harvest",
800294-0100,ACCESSORY,"Seed Starting System, AG7",
800295-0100,ACCESSORY,"Seed Starting System,Ex/Bty/Ul",
800295-0101,ACCESSORY,Seed Starting System Bounty EU,
800295-0208,ACCESSORY,"Seed Starting System,Ex/Bty/Ul",
800296-0100,ACCESSORY,"Seed Starting System,Farm",
800297-0200,ACCESSORY,"Seed Starting System,Hrvt2018",
800297-0208,ACCESSORY,"Seed Starting System,Hrvst2018,CA",
800298-0200,ACCESSORY,"Seed Starting System,HrvtSlim",
800299-0200,ACCESSORY,"Seed Starting System,Hrvt360",
800334-0208,FG SEED KI,"SK, 3- Pod, Cascading Petunia",
800334-2208,FG SEED KI,"SK, 2x 3P, Cascading Petunia",
800351-0208,SEED KITS,"SK, 3P, Mini Jalapeno",
800357-0201,FG SEED KI,"SK, 3P, Grow Anything",
800357-0205,FG SEED KI,"SK, 3- Pod, Grow Anything",
800357-0208,FG SEED KI,"SK, 3- Pod, Grow Anything",
800357-2208,FG SEED KI,"SK, 3P, Grow Anything x 2",
800400-0201,FG SEED KI,"SK, 3P, Pesto Basil,",
800400-0205,FG SEED KI,"SK, 3- Pod, Pesto Basil",
800400-0208,FG SEED KI,"SK, 3- Pod, Pesto Basil,",
800400-2208,FG SEED KI,"SK, 2x, 3P, Pesto Basil",
800401-0201,FG SEED KI,"SK, 3P, Gourmet Herb,",
800401-0205,FG SEED KI,"SK, 3- Pod, Gourmet Herb",
800401-0208,FG SEED KI,"SK, 3- Pod, Gourmet Herb,",
800401-2208,FG SEED KI,"SK, 2x 3P, Gourmet Herb",
800404-0208,FG SEED KI,"SK, 3- Pod, Love Blooms, US",
800409-0208,FG SEED KI,"SK, 3- Pod, Salad Greens Mix",
800411-0208,FG SEED KI,"SK,3P,Mighty Mini CherryTomato",
800411-2208,FG SEED KI,"SK,2x 3P,Mighty Mini CherryTom",
800413-0208,FG SEED KI,"SK, 3- Pod, Lavender Kit",
800413-2208,FG SEED KI,"SK, 3- Pod, Lavender Kit, 2pk",
800414-0201,FG SEED KI,"SK, 3P, Heirloom Salad Greens",
800414-0205,FG SEED KI,"SK, 3P, Heirloom Salad Greens",
800414-0208,FG SEED KI,"SK, 3P, Heirloom Salad Greens",
800414-2208,FG SEED KI,"SK, 2x 3P, Heirloom Salad Grns",
800417-0208,FG SEED KI,"SK, 3- Pod, Pizza Herbs",
800417-2208,FG SEED KI,"SK, 2x, 3P, Pizza Herbs",
800418-0208,FG SEED KI,"SK, 3- Pod, Polka Dot Mix",
800419-0208,FG SEED KI,"SK, 3- Pod, Kale Mix",
800419-2208,FG SEED KI,"SK, 2x, 3P, Kale Mix",
800421-0208,FG SEED KI,"SK, 3- Pod, Spring Flowers",
800421-2208,FG SEED KI,"SK, 3- Pod, Spring Flowers_2pk",
800422-0208,FG SEED KI,"SK, 3- Pod, Phlox in a Box",
800422-2208,FG SEED KI,"SK, 3- Pod, Phlox in a Box_2pk",
800423-0208,FG SEED KI,"SK, 3P Viola Yellow w/red wing",
800423-2208,FG SEED KI,"SK, 3P Vibrant Violas_2pk",
800424-0208,FG SEED KI,"SK, 3- Pod Zinnia Mix",
800425-0208,FG SEED KI,"SK, 3- Pod, Beet Greens",
800425-2208,FG SEED KI,"SK, 3- Pod, Beet Greens_2pk",
800426-0208,FG SEED KI,"SK, 3- Pod, Rosemary",
800426-2208,FG SEED KI,"SK, 3- Pod, Rosemary_2pk",
800427-0208,FG SEED KI,"SK, 3- Pod, Smoothie Greens",
800427-2208,FG SEED KI,"SK, 3- Pod, Smoothie Grns_2pk",
800430-0208,FG SEED KI,"SK, 3- Pod, Fresh Tea",
800430-2208,FG SEED KI,"SK, 3- Pod, Fresh Tea, 2pk",
800431-0208,FG SEED KI,"SK, 3P, Bok Choi",
800432-0208,FG SEED KI,"SK, 3P, Swiss Chard",
800437-0208,SEED KITS,"SK, 3P, Southern Greens",
800500-0208,FG SEED KI,"SK, 7- Pod, Gourmet Herb",
800501-0208,FG SEED KI,"SK, 7-Pod, Cherry Tomato",
800502-0208,FG SEED KI,"SK, 7 Pod, Salad Greens Mix",
800507-0208,FG SEED KI,"SK, 7-Pod, Tuscan Italian Herb",
800512-0208,FG SEED KI,"SK, Uni, Catnip",
800515-0208,FG SEED KI,"SK, 7- Pod, Coleus",
800516-0208,FG SEED KI,"SK, 7- Pod, Golden Tomato",
800518-0208,FG SEED KI,"SK, 7- Pod, Phlox in a Box",
800522-0208,FG SEED KI,"SK, 7- Pod, Mixed Romaine",
800528-0208,FG SEED KI,"SK, 7 Pod, Grow Anything",
800529-0208,FG SEED KI,"SK, 7P, Dlx Grow Anything Kit",
800530-0208,FG SEED KI,"SK, Grow Anything 25 Pack",
800531-0208,FG SEED KI,"SK, 7- Pod, English Cottage",
800532-0208,FG SEED KI,"SK, Grow Anything 50 Pack",
800533-0208,FG SEED KI,"SK, 7 Pod, Mountain Meadow",
800536-0208,FG SEED KI,"SK, 7- Pod, Splash of Color",
800538-0208,FG SEED KI,"SK, 7- Pod, Cascading Petunia",
800539-0208,FG SEED KI,"SK, Uni, Vinca",
800542-0208,FG SEED KI,"SK, 7 Pod, Bell Peppers",
800544-0208,FG SEED KI,"SK, 7- Pod, Chili Pepper",
800545-0208,FG SEED KI,"SK, 7- Pod, Pesto Basil, CA",
800546-0208,FG SEED KI,"SK, 7- Pod,International Basil",
800547-0208,FG SEED KI,"SK, 7- Pod, Salsa Garden",
800554-0208,FG SEED KI,"SK, 7- Pod, Lavender, CA",
800554-0300,FG SEED KI,"SK, 6P, Lavender, WB, US",
800570-0100,FG SEED KI,"SK, Seed Starting System AG6",
800570-0200,FG SEED KI,"SK, Seed Starting System, SS6",
800570-0208,FG SEED KI,"SK, Garden Starter Tray, SS6,",
800571-0100,ACCESSORY,Seed Starting System AG6 Plstc,
800580-0208,FG SEED KI,"SK, 7- Pod, Fresh Tea, US",
800594-0300,FG SEED KI,"SK, 7P, Mighty Mini Cherry Tom",
800595-0300,FG SEED KI,"SK, 14- Pod, Flower Lover's",
800596-0208,FG SEED KI,"SK, Uni, Fresh & Tasty Herb",
800597-0208,FG SEED KI,"SK, Uni, Fresh & Tasty Salad",
800598-0208,FG SEED KI,"7 pod, Fresh & Tasty Tomato",
800599-0208,FG SEED KI,"SK, 7- Pod, Thai Pepper",
800600-0208,FG SEED KI,"SK, 7- Pod, Jalapeno Pepper",
800601-0208,FG SEED KI,"SK, 7- Pod, Upland Cress",
800602-0208,FG SEED KI,"SK, 7- Pod, Chinese Cabbage",
800603-0208,FG SEED KI,"SK, 7- Pod, Tradl Medicinal",
800604-0208,FG SEED KI,"SK,7-Pod,Heirloom Salad Greens",
800605-0208,FG SEED KI,"SK,7P, Strawberry Live Plants",
800606-0208,FG SEED KI,"SK,7- Pod, Asian Herbs",
800607-0208,FG SEED KI,"SK, 7- Pod ,Pizza Herb",
800608-0208,FG SEED KI,"SK, 7- Pod, Celosia",
800609-0208,FG SEED KI,"SK, 7-Pod, Cocktail & Mocktail",
800611-0208,FG SEED KI,"SK, 7- Pod, Incredible Edibles",
800612-0208,FG SEED KI,"SK, 7- Pod, Spring Flowers",
800613-0208,FG SEED KI,"SK, 7- Pod, Polka Dot Mix",
800614-0208,FG SEED KI,"SK, 7- Pod, Kale Mix",
800615-0208,FG SEED KI,"SK, 7P, Viola Yellow w/RD wing",
800621-0208,FG SEED KI,"SK, 7- Pod, Zinnia Mix",
800622-0208,FG SEED KI,"SK, 7- Pod, Beet Greens",
800623-0208,FG SEED KI,"SK, 7- Pod, Rosemary",
800624-0208,FG SEED KI,"SK, 7- Pod, Smoothie Greens",
800625-0208,FG SEED KI,"SK, 7- Pod, Scarborough Fair",
800626-0208,FG SEED KI,"SK, 7P, Bok Choi",
800627-0208,FG SEED KI,"SK, 7P, Swiss Chard",
800999-0208,FG SEED KI,7-Pod Gourmet Herb Seed Kit,
802000-0208,FG SEED KI,"SK, Herbie, Pizza Party, Pack-In",
802001-0208,FG SEED KI,"SK, Herbie, Lettuce for Two",
802002-0208,FG SEED KI,"SK, Herbie, Mint Ice Cream",
802003-0208,FG SEED KI,"SK, Herbie, Snapdr Puppet Show",
802004-0208,FG SEED KI,"SK, Herbie, Pizza Party, Stand",
806012-0208,FG SEED KI,"SK,12P, Grmt Hrb & Hrlm Tomato",
806150-0208,FG SEED KI,"SK, 6-Pod, Custom Kit, Herb",
806151-0208,FG SEED KI,"SK, 6-Pod, Custom Kit, Veggie",
806152-0208,FG SEED KI,"SK, 6-Pod, Custom Kit, Salad",
806153-0208,FG SEED KI,"SK, 6-Pod, Custom Kit, Flower",
806238-0208,FG SEED KI,"SK, 6-Pod, Love Blooms",
806334-0208,FG SEED KI,"SK, 6-Pod, CascPetunia_Obsolet",
806334-2208,FG SEED KI,"SK, 6-Pod,Cascading Petunia x2",
806500-0200,FG SEED KI,"SK, 6-Pod, Gourmet Herb",
806500-0201,FG SEED KI,"SK, 6- Pod, Gourmet Herb",
806500-0205,FG SEED KI,"SK, 6- Pod, Gourmet Herb",
806500-0208,FG SEED KI,"SK, 6- Pod, Gourmet Herb",
806500-0301,FG SEED KI,"SK, 6- Pod, Gourmet Herb",
806500-0408,FG SEED KI,"GF SK, 6- Pod, Gourmet Herb",
806500-2200,FG SEED KI,"SK, 6- Pod, Gourmet Herb, 2PK",
806500-2208,FG SEED KI,"SK, 6-Pod, Gourmet Herb x2",
806501-0200,FG SEED KI,"SK, 6-Pod, Cherry Tomato",
806501-0201,FG SEED KI,"SK, 6- Pod, Cherry Tomato",
806501-0205,FG SEED KI,"SK, 6- Pod, Cherry Tomato",
806501-0208,FG SEED KI,"SK, 6- Pod, Cherry Tomato",
806501-0301,FG SEED KI,"SK, 6- Pod, Cherry Tomato",
806501-0408,FG SEED KI,"GF SK, 6- Pod, Cherry Tomato",
806501-2200,FG SEED KI,"SK, 6P, Hrlm Cherry Tomato,2PK",
806501-2208,FG SEED KI,"SK, 6-Pod, Cherry Tomato x2",
806502-0208,FG SEED KI,"SK, 6- Pod, Salad Greens Mix",
806507-0208,FG SEED KI,"SK, 6-Pod, Tuscan Italian Herb",
806507-2208,FG SEED KI,"SK, 6-Pod, Italian Herb, 2pk",
806515-0208,FG SEED KI,"SK, 6- Pod, Coleus",
806516-0208,FG SEED KI,"SK, 6- Pod, Golden Tomato",
806518-0208,FG SEED KI,"SK, 6- Pod, Phlox in a Box",
806522-0208,FG SEED KI,"SK, 6- Pod, Mixed Romaine",
806522-2208,FG SEED KI,"SK, 6- Pod, Mixed Romaine, 2pk",
806528-0200,FG SEED KI,"SK, 6-Pod Grow Anything, CA",
806528-0201,FG SEED KI,"SK, 6-Pod, Grow Anything",
806528-0205,FG SEED KI,"SK, 6- Pod, Grow Anything",
806528-0208,FG SEED KI,"SK, 6- Pod, Grow Anything",
806528-0301,FG SEED KI,"SK, 6-Pod, Grow Anything",
806528-0408,FG SEED KI,"GF SK, 6-Pod, Grow Anything",
806528-2200,FG SEED KI,"SK, 6P, Grow Anything, 2PK, CA",
806528-2208,FG SEED KI,"SK, 6-Pod, Grow Anything x2",
806538-0208,FG SEED KI,"SK, 6- Pod, Cascading Petunia",
806545-0201,FG SEED KI,"SK, 6-Pod, Pesto Basil",
806545-0205,FG SEED KI,"SK, 6- Pod, Pesto Basil",
806545-0208,FG SEED KI,"SK, 6- Pod, Pesto Basil",
806545-2208,FG SEED KI,"SK, 2x, 6-Pod, Pesto Basil",
806546-0208,FG SEED KI,"SK, 6- Pod,International Basil",
806547-0208,FG SEED KI,"SK, 6- Pod, Salsa Garden",
806547-2208,FG SEED KI,"SK, 6- Pod, Salsa Garden, 2pk",
806554-0208,FG SEED KI,"SK, 6- Pod, Lavender",
806580-0208,FG SEED KI,"SK, 6- Pod, Fresh Tea",
806594-0208,FG SEED KI,"SK, 6- Pod, Mighty Mini",
806599-0208,FG SEED KI,"SK, 6- Pod, Thai Pepper",
806600-0208,FG SEED KI,"SK, 6- Pod, Jalepeno Pepper",
806603-0208,FG SEED KI,"SK, 6- Pod, Tradl Medicinal",
806603-2208,FG SEED KI,"SK, 6- Pod, Tradl Medicinl,2pk",
806604-0200,FG SEED KI,"SK, 6P, Hrlm Salad Greens,CA",
806604-0201,FG SEED KI,"SK, 6- Pod, Hrlm Salad Greens",
806604-0205,FG SEED KI,"SK, 6- Pod, Hrlm Salad Greens",
806604-0208,FG SEED KI,"SK, 6- Pod, Hrlm Salad Greens",
806604-0301,FG SEED KI,"SK, 6- Pod, Hrlm Salad Greens",
806604-0408,FG SEED KI,"GF SK,6- Pod,Hrlm Salad Greens",
806604-2200,FG SEED KI,"SK 6P Hrlm Salad Greens, 2PK",
806604-2208,FG SEED KI,"SK, 6P, Heirloom Salad Grns x2",
806607-0208,FG SEED KI,"SK, 6- Pod, Pizza Herb",
806607-2208,FG SEED KI,"SK, 2x, 6-Pod, Pizza Herb Kit",
806609-0208,FG SEED KI,"SK, 6- Pod,Cocktail & Mocktail",
806611-0208,FG SEED KI,"SK, 6- Pod, Incredible Edibles",
806611-2208,FG SEED KI,"SK, 6- Pod, Incredible Ed, 2pk",
806612-0208,FG SEED KI,"SK, 6- Pod, Spring Flowers",
806613-0208,FG SEED KI,"SK, 6- Pod, Polka Dot Mix",
806614-0208,FG SEED KI,"SK, 6- Pod, Kale Mix",
806614-2208,FG SEED KI,"SK, 2x, 6P, Kale Mix",
806615-0208,FG SEED KI,"SK, 6P, Viola Yellow w/RD wing",
806621-0208,FG SEED KI,"SK, 6- Pod, Zinnia Mix",
806622-0208,FG SEED KI,"SK, 6- Pod, Beet Greens",
806622-2208,FG SEED KI,"SK, 6- Pod, Beet Greens, 2pk",
806623-0208,FG SEED KI,"SK, 6- Pod, Rosemary",
806624-0208,FG SEED KI,"SK, 6- Pod, Smoothie Greens",
806624-2208,FG SEED KI,"SK, 6- Pod, Smoothie Grns, 2pk",
806625-0208,FG SEED KI,"SK, 6- Pod, Scarborough Fair",
806625-2208,FG SEED KI,"SK, 6- Pod, Scarborough Fa,2pk",
806626-0208,FG SEED KI,"SK, 6P, Bok Choi",
806627-0208,FG SEED KI,"SK, 6P, Swiss Chard",
806632-0208,SEED KITS,"SK, 6-Pod, Southern Greens",
809150-0208,FG SEED KI,"SK, 9-Pod, Custom Herb",
809151-0208,FG SEED KI,"SK, 9-Pod, Custom Kit, Veggie",
809152-0208,FG SEED KI,"SK, 9-Pod, Custom Kit, Salad",
809153-0208,FG SEED KI,"SK, 9-Pod, Custom Kit, Flower",
809238-0208,FG SEED KI,"SK, 9-Pod, Love Blooms",
809260-0208,FG SEED KI,"SK, 9- Pod, Mega Cherry Tomato",
809500-0200,FG SEED KI,"SK, 9- Pod, Gourmet Herb, CA",
809500-0201,FG SEED KI,"SK, 9- Pod, Gourmet Herb",
809500-0205,FG SEED KI,"SK, 9-Pod, Gourmet Herb",
809500-0208,FG SEED KI,"SK, 9- Pod, Gourmet Herb",
809500-2200,FG SEED KI,"SK, 9- Pod, Gourmet Herb, 2PK",
809500-2208,FG SEED KI,"SK, 9- Pod, Gourmet Herb, 2PK",
809501-0200,FG SEED KI,"SK, 9P, Hrlm Cherry Tomato, CA",
809501-0201,FG SEED KI,"SK, 9P, Hrlm Cherry Tomato, UK",
809501-0205,FG SEED KI,"SK, 9-Pod, Hrlm Cherry Tomato",
809501-0208,FG SEED KI,"SK, 9- Pod, Hrlm Cherry Tomato",
809501-2200,FG SEED KI,"SK, 9P, Hrlm Cherry Tomato,2PK",
809501-2208,FG SEED KI,"SK, 9P, Hrlm Cherry Tomato,2PK",
809502-0208,FG SEED KI,"SK, 9- Pod, Salad Greens Mix",
809507-0208,FG SEED KI,"SK, 9-Pod, Tuscan Italian Herb",
809515-0208,FG SEED KI,"SK, 9- Pod, Coleus",
809516-0208,FG SEED KI,"SK, 9- Pod, Golden Tomato",
809518-0208,FG SEED KI,"SK, 9- Pod, Phlox in a Box",
809522-0208,FG SEED KI,"SK, 9- Pod, Mixed Romaine",
809528-0200,FG SEED KI,"SK, 9- Pod, Grow Anything, CA",
809528-0201,FG SEED KI,"SK, 9- Pod, Grow Anything, UK",
809528-0205,FG SEED KI,"SK, 9-Pod, Grow Anything",
809528-0208,FG SEED KI,"SK, 9- Pod, Grow Anything",
809528-2200,FG SEED KI,"SK, 9P, Grow Anything, 2PK, CA",
809528-2208,FG SEED KI,"SK, 9- Pod, Grow Anything, 2PK",
809531-0208,FG SEED KI,"SK, 9- Pod, English Cottage",
809533-0208,FG SEED KI,"SK, 9- Pod, Mountain Meadow",
809538-0208,FG SEED KI,"SK, 9- Pod, Cascading Petunia",
809542-0208,FG SEED KI,"SK, 9- Pod, Bell Peppers",
809544-0208,FG SEED KI,"SK, 9- Pod, Chili Pepper",
809545-0201,FG SEED KI,"SK, 9- Pod, Pesto Basil, UK",
809545-0205,SEED KITS,"SK, 9-Pod, Pesto Basil",
809545-0208,FG SEED KI,"SK, 9- Pod, Pesto Basil",
809546-0208,FG SEED KI,"SK, 9- Pod, Intl Basil",
809547-0208,FG SEED KI,"SK, 9- Pod, Salsa Garden",
809554-0208,FG SEED KI,"SK, 9- Pod, Lavender",
809580-0208,FG SEED KI,"SK, 9- Pod, Fresh Tea",
809594-0300,FG SEED KI,"SK, 9- Pod Mighty Mini",
809599-0208,FG SEED KI,"SK, 9- Pod, Thai Pepper",
809600-0208,FG SEED KI,"SK, 9- Pod, Jalepeno Pepper",
809603-0208,FG SEED KI,"SK, 9- Pod, Tradl Medicinal",
809604-0200,FG SEED KI,"SK, 9P, Hrlm Salad Greens, CA",
809604-0201,FG SEED KI,"SK, 9P, Hrlm Salad Greens, UK",
809604-0208,FG SEED KI,"SK, 9- Pod, Hrlm Salad Greens",
809604-2200,FG SEED KI,"SK 9P Hrlm Salad Greens, 2PK",
809604-2208,FG SEED KI,"SK, 9P, Hrlm Salad Greens, 2PK",
809606-0208,FG SEED KI,"SK, 9- Pod, Asian herbs",
809607-0208,FG SEED KI,"SK, 9- Pod, Pizza Herb Kit",
809608-0208,FG SEED KI,"SK, 9- Pod, Celosia",
809609-0208,FG SEED KI,"SK, 9-Pod, Cocktail & Mocktail",
809611-0208,FG SEED KI,"SK, 9- Pod, Incredible Edibles",
809612-0208,FG SEED KI,"SK, 9-Pod, Spring Flowers",
809613-0208,FG SEED KI,"SK, 9- Pod, Polka Dot Mix",
809614-0208,FG SEED KI,"SK, 9- Pod, Kale Mix",
809615-0208,FG SEED KI,"SK, 9P, Viola Yellow w/RD wing",
809616-0208,FG SEED KI,"SK, 9- Pod, Ghost Pepper",
809617-0208,FG SEED KI,"SK, 9- Pod, Anaheim Pepper",
809618-0208,FG SEED KI,"SK, 9- Pod, Poblano Pepper",
809619-0208,FG SEED KI,"SK, 9- Pod, Cayenne Pepper",
809621-0208,FG SEED KI,"SK, 9- Pod, Zinnia Mix",
809622-0208,FG SEED KI,"SK, 9- Pod, Beet Greens",
809623-0208,FG SEED KI,"SK, 9- Pod, Rosemary",
809624-0208,FG SEED KI,"SK, 9-Pod, Smoothie Greens",
809625-0208,FG SEED KI,"SK, 9-Pod, Scarborough Fair",
809626-0208,FG SEED KI,"SK, 9P, Bok Choi",
809627-0208,FG SEED KI,"SK, 9P, Swiss Chard",
809628-0208,FG SEED KI,"SK, 9P, Shishito Peppers",
809629-0208,FG SEED KI,"SK, 9P, Sweet Banana Peppers",
809630-0208,SEED KITS,"SK, 9P, Fairy Tale Eggplant",
809631-0208,SEED KITS,"SK, 9P, Fajita Pepper",
809632-0208,SEED KITS,"SK, 9P, Southern Greens",
812006-0208,FG SEED KI,"SK, 12P, Jumbo Veggies",
812150-0208,FG SEED KI,"SK, 12-Pod, Custom Herb",
812151-0208,FG SEED KI,"SK, 12-Pod, Custom Vegetable",
812152-0208,FG SEED KI,"SK, 12-Pod, Custom Salad",
812153-0208,FG SEED KI,"SK, 12-Pod, Custom Flower",
812501-0208,FG SEED KI,"SK, 12P, Hrlm Tomato",
812528-0208,FG SEED KI,"SK, 12P, Grow Anything",
812546-0208,FG SEED KI,"SK, 12P,  International Basil",
812604-0208,FG SEED KI,"SK, 12P, Hrlm Salad Greens",
812626-0208,FG SEED KI,"SK, 12P, Bok Choi",
812627-0208,FG SEED KI,"SK, 12P, Swiss Chard",
812628-0208,FG SEED KI,"SK, 12P, Shishito Peppers",
812629-0208,FG SEED KI,"SK, 12P, Sweet Banana Peppers",
812632-0208,SEED KITS,"SK, 12P, Southern Greens",
8202-00B,FG GARDENS,"Ultra LED Bundle, GH + SSS",
824003-0208,FG SEED KI,"SK, Farm, Great Greens",
824500-0001,FG SEED KI,"SK, Farm, Salad Bar,A, Pack-In",
824500-0002,FG SEED KI,"SK, Farm, Salad Bar,B, Pack-In",
824500-0208,FG SEED KI,"SK, Farm, Salad Bar",
900100-0100,FG GARDENS,"AeroGdn 7, Blk",
900100-0200,FG GARDENS,"AeroGdn 7, Blk, No SK",
900100-1100,FG GARDENS,"AeroGdn 7, Blk, GH SK",
900100-1200,FG GARDENS,"AeroGdn 7, Blk, GH SK",
900110-0100,FG GARDENS,"AeroGdn 3, Blk, No SK",
900110-0200,FG GARDENS,"AeroGdn 3, Blk, No SK",
900110-0208,FG GARDENS,"AeroGdn 3, Blk, No SK",
900110-1100,FG GARDENS,"AeroGdn 3, Blk, GH SK",
900110-1200,FG GARDENS,"AeroGdn 3, Blk, GH SK",
900110-1208,FG GARDENS,"AeroGdn 3, Blk, GH SK",
900113-0300,FG GARDENS,"AeroGdn 3, Pink",
900113-1300,FG GARDENS,"AeroGdn 3, Pink, GH SK",
900116-0300,FG GARDENS,"AeroGdn 3, Yellow",
900116-1300,FG GARDENS,"AeroGdn 3, Yellow, GH SK",
900140-0300,FG GARDENS,"AeroGdn 3, Spotted Cow",
900140-1300,FG GARDENS,"AeroGdn 3, Spotted Cow, GH SK",
900146-0300,FG GARDENS,"AeroGdn 3, Penguin",
900146-1300,FG GARDENS,"AeroGdn 3 Penguin, G Herb SK",
900200-0100,FG GARDENS,"AeroGdn 7, Wht, No SK",
900200-1100,FG GARDENS,"AeroGdn 7, Wht, GH SK",
900210-0100,FG GARDENS,"AeroGdn 3, Wht, No SK",
900210-1100,FG GARDENS,"AeroGdn 3, Wht, GH SK",
900210-1200,FG GARDENS,"AeroGdn 3, Wht, GH SK",
900244-0300,FG GARDENS,"AeroGdn 3, Bee, No SK",
900244-1300,FG GARDENS,"AeroGdn 3, Bee, GH SK",
900245-0100,FG GARDENS,"AeroGdn 3, Ladybug, No SK",
900245-1208,FG GARDENS,"AeroGdn 3, Ladybug, GH SK",
900245-1400,FG GARDENS,"AeroGdn 3, Ladybug, GH SK",
900300-0100,FG GARDENS,AeroGdn 7 Silver,
900300-1100,FG GARDENS,"AeroGdn 7, Silver,  G Herbs",
900400-0100,FG GARDENS,"AeroGdn 7  LED, Black No SK",
900803-0200,FG GARDENS,"AeroGdn 3P SL, Black,  no SK",
900803-2200,FG GARDENS,"AeroGdn 3 SL, Black,  w/2 SKs",
900804-0200,FG GARDENS,"AeroGdn 3P SL White, no SK",
900804-2200,FG GARDENS,"AeroGdn 3 SL, White,  w/2 SKs",
900804-X200,FG GARDENS,"AeroGdn 3 SL, White,  no SK",
900805-0100,FG GARDENS,"AeroGdn Sprout, Blue, BB",
900805-1100,FG GARDENS,"AeroGdn Sprt, Blu, KH+Mini CT",
900805-1200,FG GARDENS,"AeroGdn Sprout, Blue, GH SK",
900805-2100,FG GARDENS,"AeroGdn Sprout, Blue, GH SK",
900805-3100,FG GARDENS,"AeroGdn Sprout,Blu, GH+Mini CT",
900805-4100,FG GARDENS,"AeroGdn Sprout,Blu, GH",
900806-0100,FG GARDENS,"AeroGdn Sprout, Red, BB",
900806-1100,FG GARDENS,"AeroGdn Sprout Red, KH+Mini CT",
900806-1200,FG GARDENS,"AeroGdn Sprout, Red, GH SK",
900806-2100,FG GARDENS,"AeroGdn Sprout, Red, GH SK",
900806-3100,FG GARDENS,"AeroGdn Sprout, Red,GH+Mini CT",
900806-4100,FG GARDENS,"AeroGdn Sprout, Red,GH",
900813-0100,FG GARDENS,"AeroGdn Sprout, Blk,",
900813-0200,FG GARDENS,"AeroGdn Sprout, Blk,",
900813-1100,FG GARDENS,"AeroGdn Sprout, BLk,kh+Mini CT",
900813-1200,FG GARDENS,"AeroGdn Sprout, Blk, GH SK",
900813-2100,FG GARDENS,"AeroGdn Sprout, Blk,GH+Mini CT",
900813-4100,FG GARDENS,"AeroGdn Sprout, Blk,GH",
900813-8200,FG GARDENS,"AeroGdn, Sprout, Blk, w/ GH",
900814-0100,FG GARDENS,"AeroGdn, Sprout, Wht",
900814-0200,FG GARDENS,"AeroGdn, Sprout, Wht",
900814-1100,FG GARDENS,"AeroGdn Sprout, Wht,KH+Mini CT",
900814-1200,FG GARDENS,"AeroGdn Sprout, Wht, GH SK",
900814-2100,FG GARDENS,"AeroGdn Sprout, Wht,GH+Mini CT",
900814-4100,FG GARDENS,"AeroGdn Sprout, Wht,GH",
900817-0100,FG GARDENS,"AeroGdn,Sprout LED, Black",
900817-0200,FG GARDENS,"AeroGdn,Sprout LED, Black",
900817-1100,FG GARDENS,"AeroGdn Sprout LED, Blk, GH",
900817-1101,FG GARDENS,"AeroGdn,Sprout LED, Black, GH",
900817-1105,FG GARDENS,"AeroGdn,Sprout LED, Black",
900817-1108,FG GARDENS,"AeroGdn,Sprout LED, Blk, GH,",
900817-1200,FG GARDENS,"AeroGdn Sprout LED, Blk, GH",
900817-1208,FG GARDENS,"AeroGdn, Sprout LED, BLK",
900817-2200,FG GARDENS,"AeroGdn Sprout LED, Blk,",
900817-3108,AEROGARDEN,"AeroGdn Sprout LED, Blk, SSS, CA",
900817-4200,FG GARDENS,"AeroGdn Sprout LED ,Blk, 2-PK",
900817-4208,FG GARDENS,"AeroGdn Sprout LED,Blk,GH x2",
900818-0100,FG GARDENS,"AeroGdn, Sprout LED, Wht",
900818-0101,FG GARDENS,"AeroGdn, Sprout LED, Wht",
900818-0200,FG GARDENS,"AeroGdn, Sprout LED, White",
900818-1100,FG GARDENS,"AeroGdn, Sprout LED, Wht, GH",
900818-1101,FG GARDENS,"AeroGdn Sprout LED, Wht, GH",
900818-1105,FG GARDENS,"AeroGdn, Sprout LED, White",
900818-1200,FG GARDENS,"AeroGdn Sprout LED, Wht, GH",
900818-1208,FG GARDENS,"AeroGdn, Sprout LED, WHT",
900818-4208,FG GARDENS,"AeroGdn Sprout LED,WHT,GH x2",
900819-0100,FG GARDENS,"AeroGdn Sprout LED, Red",
900819-0200,FG GARDENS,"AeroGdn Sprout LED, Red",
900819-1100,AEROGARDEN,"AeroGdn Sprout LED, Red",
900819-1200,FG GARDENS,"AeroGdn Sprout LED, Red, GH",
900819-1208,FG GARDENS,"AeroGdn, Sprout LED, RED",
900820-0200,FG GARDENS,"AeroGdn Sprout LED, Teal",
900820-1200,FG GARDENS,"AeroGdn Sprout LED, Teal, GH",
900822-1100,FG GARDENS,"AG Sprout LED, Grey",
900823-1110,AEROGARDEN,"AG Sprout LED, Tasty, Ranch",
900823-1120,AEROGARDEN,"AG Sprout LED, Tasty, Southwestern",
900823-1130,AEROGARDEN,"AG Sprout LED, Tasty, Caprese Salad",
900823-1140,AEROGARDEN,"AG Sprout LED, Tasty, Cocktail/Mocktail",
900901-0200,FG GARDENS,AeroGarden HERBIE,
900901-1200,FG GARDENS,AeroGarden HERBIE,
900950-0100,FG GARDENS,"AeroGarden Farm, BLK",
900950-1100,FG GARDENS,"AeroGarden Farm, BLK",
900951-0100,FG GARDENS,"AeroGarden Farm, WHT",
900951-1100,FG GARDENS,"AeroGarden Farm, WHT",
900960-0100,FG GARDENS,"AeroGarden Farm Plus, BLK",
900960-1100,FG GARDENS,"AeroGarden Farm Plus, BLK",
900961-0100,FG GARDENS,"AeroGarden Farm Plus, WHT",
900961-1100,FG GARDENS,"AeroGarden Farm Plus, WHT",
900970-0100,FG GARDENS,"AeroGarden Farm XL, BLK",
900970-1100,FG GARDENS,"AeroGarden Farm XL, BLK",
900971-0100,FG GARDENS,"AeroGarden Farm XL, WHT",
900971-1100,FG GARDENS,"AeroGarden Farm XL, WHT",
901011-0100,FG GARDENS,"AeroGdn 6 (SS6 Mdl) Blk, No SK",
901011-0200,FG GARDENS,"AeroGdn 6, Blk, No SK",
901011-1100,FG GARDENS,"AeroGdn 6, Blk, GH SK",
901011-1200,FG GARDENS,"AeroGdn 6, Blk, GH SK",
901011-3100,FG GARDENS,"AeroGdn 6, Blk, GH SK, SSS",
901016-0100,FG GARDENS,"AeroGdn 6 LED, Blk",
901016-0200,FG GARDENS,"AeroGdn 6 LED, Blk",
901016-1100,FG GARDENS,AeroGdn 6 LED with GH SK,
901016-1200,FG GARDENS,AeroGdn 6 LED with GH SK,
901016-2100,FG GARDENS,AeroGdn 6 LED with GH & CT SK,
901016-2108,FG GARDENS,AeroGdn 6 LED with GH & CT SK,
901016-4200,FG GARDENS,AeroGdn 6 LED with GH & SSS,
901016-5200,FG GARDENS,"AeroGdn 6 LED, GH, SSS-InStore",
901040-0100,FG GARDENS,"AeroGdn Harvest, Blk, No SK",
901040-0200,FG GARDENS,"AeroGdn Harvest, Blk, No SK",
901040-1101,FG GARDENS,"AeroGdn Harvest, Blk, w/GH SK",
901040-1105,FG GARDENS,"AeroGdn Harvest, Blk, w/GH SK",
901040-1200,FG GARDENS,"AeroGdn Harvest, Blk, w/GH SK",
901040-2200,FG GARDENS,"AeroGdn Harvest, Blk, GH & HCT",
901040-2208,FG GARDENS,"AeroGdn Harvest, Blk, GH & HCT",
901041-0100,FG GARDENS,"AeroGdn Harvest, Wht, No SK",
901041-0200,FG GARDENS,"AeroGdn Harvest, Wht, No SK",
901041-1101,FG GARDENS,"AeroGdn Harvest, Wht, w/GH SK",
901041-1105,FG GARDENS,"AeroGdn Harvest, Wht, w/GH SK",
901041-1200,FG GARDENS,"AeroGdn Harvest, Wht, w/GH SK",
901044-0100,FG GARDENS,"AeroGdn Harvest Touch, EGGPLNT",
901044-1100,FG GARDENS,"AeroGdn Harvest Touch, EGGPLNT",
901044-4100,FG GARDENS,"AeroGdn Hrvst Touch,EGG,GH,SSS",
901045-0100,FG GARDENS,"AeroGdn Harvest Touch, BLK",
901045-1100,FG GARDENS,"AeroGdn Harvest Touch, BLK",
901045-4100,FG GARDENS,"AeroGdn Hrvst Touch,BLK,GH,SSS",
901046-0100,FG GARDENS,"AeroGarden Harvest Touch, BLUE",
901046-1100,FG GARDENS,"AeroGarden Harvest Touch, BLUE",
901046-4100,FG GARDENS,"AeroGdn Hrvst Touch,BLU,GH,SSS",
901047-0100,FG GARDENS,"AeroGarden Harvest Touch, RED",
901047-1100,FG GARDENS,"AeroGarden Harvest Touch, RED",
901047-4100,FG GARDENS,"AeroGdn Hrvst Touch,RED,GH,SSS",
901048-0100,FG GARDENS,"AeroGarden Harvest Touch, WHT",
901048-1100,FG GARDENS,"AeroGarden Harvest Touch, WHT",
901048-4100,FG GARDENS,"AeroGdn Hrvst Touch,WHT,GH,SSS",
901049-0200,FG GARDENS,AeroGdn Harvest Elite Copper,
901049-1200,FG GARDENS,AeroGdn Harvest Elite Copper,
901050-0200,FG GARDENS,"AeroGdn Harvest Elite, No SK",
901050-1101,FG GARDENS,AeroGdn Harvest Elite (2015),
901050-1105,FG GARDENS,AeroGdn Harvest Elite (2015),
901050-1200,FG GARDENS,"AeroGdn Harvest  Elite, SS GH",
901051-0200,FG GARDENS,"AeroGdn Harvest Elite, Red",
901051-1200,FG GARDENS,"AeroGdn Harvest Elite, Red",
901052-0200,FG GARDENS,"AeroGdn Harvest Elite, PLT",
901052-1200,FG GARDENS,"AeroGdn Harvest Elite, PLT",
901053-0100,FG GARDENS,"AeroGdn Harvest Elite, SS",
901053-0200,FG GARDENS,"AeroGd Harvest Elite, SS",
901053-1100,FG GARDENS,"AeroGdn Harvest Elite, SS",
901053-1201,FG GARDENS,"AeroGdn Harvest Elite, SS, UK",
901055-0200,FG GARDENS,"AeroGdn Harvest Elite Touch,SS",
901055-1200,FG GARDENS,"AeroGdn Harvest Elite Touch,GH",
901055-1208,FG GARDENS,"AeroGdn Harvest Elite Touch,SS",
901056-0200,FG GARDENS,"AeroGdn Harvest Elite Touch,RD",
901056-1200,FG GARDENS,"AeroGdn Harvest Elite Touch,RD",
901057-0200,FG GARDENS,"AeroGdn Harvest Elite Touch,CP",
901057-1200,FG GARDENS,"AeroGdn Harvest Elite Touch,CP",
901057-1208,FG GARDENS,"AeroGdn Harvest Elite Touch,CP",
901059-0100,FG GARDENS,"AeroGdn Harvest Premium, Cpr",
901059-0200,FG GARDENS,"AeroGdn Harvest Premium, Cpr",
901059-2100,FG GARDENS,"AeroGdn Harvest 200, Copper",
901060-0100,FG GARDENS,"AeroGdn Harvest Premium, Black",
901060-0200,FG GARDENS,"AeroGdn Harvest Premium, Black",
901060-1108,FG GARDENS,"AeroGdn Harvest Premium, Black",
901060-1200,FG GARDENS,"AeroGdn Harvest Premium, Black",
901060-2100,FG GARDENS,"AeroGdn Harvest 200, Black",
901061-0100,FG GARDENS,"AeroGdn Harvest Premium, PLT",
901061-0200,FG GARDENS,"AeroGdn Harvest Premium, PLT",
901061-1200,FG GARDENS,"AeroGdn Harvest Premium, PLT",
901061-1208,FG GARDENS,"AeroGdn Harvest Premium, PLT",
901061-2100,FG GARDENS,"AeroGdn Harvest 200, GMG",
901062-0100,FG GARDENS,"AeroGdn Harvest Premium, Red",
901062-0200,FG GARDENS,"AeroGdn Harvest Premium, Red",
901062-1100,FG GARDENS,"AeroGdn Harvest 200, Red",
901062-1108,FG GARDENS,"AeroGdn Harvest Premium, Red",
901062-1200,FG GARDENS,"AeroGdn Harvest Premium, Red",
901062-2100,FG GARDENS,"AeroGdn Harvest 200, Red",
901063-0100,FG GARDENS,"AeroGdn Harvest 200, Blue",
901063-2100,FG GARDENS,"AeroGdn Harvest 200, Blue",
901064-0100,FG GARDENS,"AeroGdn Harvest 200, Eggplant",
901064-2100,FG GARDENS,"AeroGdn Harvest 200, Eggplant",
901065-0200,FG GARDENS,"AeroGdn Harvest Plus, Grey",
901065-1200,FG GARDENS,"AeroGdn Harvest Plus, Grey",
901065-EMPL,FG GARDENS,"AeroGdn Harvest Plus, Grey",
901067-0200,FG GARDENS,"AeroGdn Harvest Plus, Red",
901067-1200,FG GARDENS,"AeroGdn Harvest Plus,Red,GH SK",
901067-EMPL,FG GARDENS,"AeroGdn Harvest Plus,Red,GH SK",
901068-0200,FG GARDENS,"AeroGdn Harvest Plus, Teal",
901068-1200,FG GARDENS,"AeroGdn Harvest Plus,TEL,GH SK",
901068-EMPL,FG GARDENS,"AeroGdn Harvest Plus,TEL,GH SK",
901069-0200,FG GARDENS,"AeroGdn Harvest Plus, Wht",
901069-1200,FG GARDENS,"AeroGdn Harvest Plus, Wht",
901070-0100,FG GARDENS,"AeroGdn Harvest (2016), BLK",
901070-0200,FG GARDENS,"AeroGdn Harvest (2016), BLK",
901070-0208,FG GARDENS,"AeroGdn Harvest (2016), BLK",
901070-1200,FG GARDENS,"AeroGdn Harvest (2016), BLK",
901070-1208,FG GARDENS,"AeroGdn Harvest (2016), BLK",
901071-0200,FG GARDENS,"AeroGdn Harvest (2016), WHT",
901071-1200,FG GARDENS,"AeroGdn Harvest (2016), WHT,",
901072-0200,FG GARDENS,"AeroGdn Harvest (2016), RED",
901072-1200,FG GARDENS,"AeroGdn Harvest (2016), RED",
901073-0200,FG GARDENS,"AeroGdn Harvest (2016), Teal",
901073-1200,FG GARDENS,"AeroGdn Harvest (2016), Teal",
901074-0100,FG GARDENS,"AeroGdn Harvest Wi-Fi, BLK",
901074-1100,FG GARDENS,"AeroGdn Harvest Wi-Fi, BLK",
901074-1200,FG GARDENS,"AeroGdn Harvest Wi-Fi, BLK",
901075-0200,FG GARDENS,"AG Harvest Elite Wi-Fi, BLK",
901075-1200,FG GARDENS,"AG Harvest Elite Wi-Fi, BLK",
901076-0200,FG GARDENS,"AG Harvest Elite Wi-Fi, BLUE",
901076-1200,FG GARDENS,"AG Harvest Elite Wi-Fi, BLUE",
901077-0200,FG GARDENS,"AG Harvest Elite Wi-Fi, CPR",
901077-1200,FG GARDENS,"AG Harvest Elite Wi-Fi, CPR",
901078-0200,FG GARDENS,"AG Harvest Elite Wi-Fi, EGGPLT",
901078-1200,FG GARDENS,"AG Harvest Elite Wi-Fi, EGGPLT",
901079-0200,FG GARDENS,"AG Harvest Elite Wi-Fi, RED",
901079-1200,FG GARDENS,"AG Harvest Elite Wi-Fi, RED",
901080-0200,FG GARDENS,"AG Harvest Elite Wi-Fi, SS",
901080-1200,FG GARDENS,"AG Harvest Elite Wi-Fi, SS",
901100-0200,FG GARDENS,"AG Harvest (2018), BLK",
901100-1200,FG GARDENS,"AG Harvest (2018), BLK",
901100-1201,AEROGARDEN,"AG Harvest (2018), BLK (UK/EU)",
901100-1208,FG GARDENS,"AG Harvest (2018), BLK",
901100-2200,FG GARDENS,"AG Harvest (2018), BLK",
901101-0200,FG GARDENS,"AG Harvest (2018), WHT",
901101-1200,FG GARDENS,"AG Harvest (2018), WHT",
901101-1201,AEROGARDEN,"AG Harvest (2018), WHT (UK/EU)",
901101-1208,FG GARDENS,"AG Harvest (2018), WHT",
901102-0200,FG GARDENS,"AG Harvest (2018), RED",
901102-1200,FG GARDENS,"AG Harvest (2018), RED",
901102-2200,FG GARDENS,"AG Harvest (2018), RED",
901103-0200,FG GARDENS,"AG  Harvest Elite (2018), PLT",
901103-1200,FG GARDENS,"AG  Harvest Elite (2018), PLT",
901103-4200,FG GARDENS,"AG Harvest Elite (2018), PLT, SSS Bundle",
901104-0200,FG GARDENS,"AG, Harvest Elite (2018), SS",
901104-1200,FG GARDENS,"AG, Harvest Elite (2018), SS",
901104-1201,AEROGARDEN,"AG, Harvest Elite (2018) EU,SS",
901104-1208,FG GARDENS,"AG, Harvest Elite (2018), SS",
901104-4200,FG GARDENS,"AG Harvest Elite (2018), SS, SSS Bundle",
901105-0200,FG GARDENS,"AG Harvest Elite (2018), CPR",
901105-1200,FG GARDENS,"AG Harvest Elite (2018), CPR",
901105-4200,FG GARDENS,"AG Harvest Elite (2018), CPR, SSS Bundle",
901106-0200,FG GARDENS,"AG Harvest Elite (2018), SGE",
901106-1200,FG GARDENS,"AG Harvest Elite (2018), SGE",
901106-4200,FG GARDENS,"AG Harvest Elite (2018), SGE, SSS Bundle",
901107-0200,AEROGARDEN,"AG Harvest (2019), Sage",
901107-1200,AEROGARDEN,"AG Harvest (2019), SGE",
901108-1100,FG GARDENS,"AG Harvest (2018), GRY",
901109-1200,AEROGARDEN,"AG Harvest (2018), COOL GRAY",
901110-0200,FG GARDENS,"AG Harvest 360, BLK",
901110-1200,FG GARDENS,"AG Harvest 360, BLK",
901110-2200,FG GARDENS,"AG Harvest 360, BLK",
901110-4200,FG GARDENS,"AG Harvest 360, BLK, SSS Bundle",
901111-0200,FG GARDENS,"AG Harvest 360, WHT",
901111-1200,FG GARDENS,"AG Harvest 360, WHT",
901111-2200,FG GARDENS,"AG Harvest 360, WHT",
901111-4200,FG GARDENS,"AG Harvest 360, WHT, SSS Bundle",
901112-0200,FG GARDENS,"AG Harvest 360, RED",
901112-1200,FG GARDENS,"AG Harvest 360, RED",
901112-2200,FG GARDENS,"AG Harvest 360, RED",
901113-0200,FG GARDENS,"AG Harvest Elite 360, PLT",
901113-1200,FG GARDENS,"AG Harvest Elite 360, PLT",
901113-1208,FG GARDENS,"AG Harvest Elite 360, PLT",
901113-4200,FG GARDENS,"AG Harvest Elite 360, PLT, SSS Bundle",
901114-0200,FG GARDENS,"AG Harvest Elite 360, SS",
901114-1200,FG GARDENS,"AG Harvest Elite 360, SS",
901114-2208,AEROGARDEN,"AG Harvest Elite 360, SS w/ Casc Petunias",
901114-4200,FG GARDENS,"AG Harvest Elite 360, SS, SSS Bundle",
901115-0200,FG GARDENS,"AG Harvest Elite 360, CPR",
901115-1200,FG GARDENS,"AG Harvest Elite 360, CPR",
901115-4200,FG GARDENS,"AG Harvest Elite 360, CPR, SSS Bundle",
901116-0200,AEROGARDEN,"AG Harvest 360, SGE",
901116-1200,AEROGARDEN,"AG Harvest 360, SGE",
901117-0200,FG GARDENS,"AG Harvest Elite 360, RED",
901117-1200,FG GARDENS,"AG Harvest Elite 360, RED",
901117-4200,FG GARDENS,"AG Harvest Elite 360, RED, SSS Bundle",
901120-0400,FG GARDENS,"GF AG Harvest Slim, BLK",
901120-1101,FG GARDENS,"AG Harvest Slim EU, BLK",
901120-1201,FG GARDENS,"AG Harvest Slim EU, BLK",
901120-1208,FG GARDENS,"AG Harvest Slim, BLK",
901120-1400,FG GARDENS,"GF AG Harvest Slim, BLK",
901121-0400,AEROGARDEN,"GF AG Harvest Slim, WHT",
901121-1101,FG GARDENS,"AG Harvest Slim EU, WHT",
901121-1208,FG GARDENS,"AG Harvest Slim, WHT",
901121-1400,FG GARDENS,"GF AG Harvest Slim, WHT",
901121-4200,AEROGARDEN,"AG Harvest Slim, WHT, SSS Bundle",
901123-0200,FG GARDENS,"AG Harvest Elite Slim, PLT",
901123-1200,FG GARDENS,"AG Harvest Elite Slim, PLT",
901123-4200,FG GARDENS,"AG Harvest Elite Slim, PLT, SSS Bundle",
901124-0200,FG GARDENS,"AG Harvest Elite Slim, SS",
901124-1200,FG GARDENS,"AG Harvest Elite Slim, SS",
901124-1208,FG GARDENS,"AG Harvest Elite Slim, SS",
901124-4200,FG GARDENS,"AG Harvest Elite Slim, SS, SSS Bundle",
901125-0200,FG GARDENS,"AG Harvest Elite Slim, CPR",
901125-1200,FG GARDENS,"AG Harvest Elite Slim, CPR",
901125-4200,FG GARDENS,"AG Harvest Elite Slim, CPR, SSS Bundle",
901126-1400,FG GARDENS,"GF AG Harvest Slim, SGE",
901127-1400,AEROGARDEN,"GF AG Harvest Slim, GWW",
901130-0200,AEROGARDEN,"AG Harvest (2018), COR",
901131-0200,AEROGARDEN,"AG Harvest Elite (2019), PWH",
901131-1200,AEROGARDEN,"AG Harvest Elite (2018), PWH",
901140-0200,AEROGARDEN,"AG Harvest 360, COR",
901141-0200,AEROGARDEN,"AG Harvest Elite 360, PWH",
901141-1200,AEROGARDEN,"AG Harvest Elite 360, PWH",
901142-0200,AEROGARDEN,"AG Harvest Elite 360, PBH",
901151-0200,AEROGARDEN,"AG Harvest Elite Slim, PWH",
901151-1200,AEROGARDEN,"AG Harvest Elite Slim, PWH",
901153-0200,AEROGARDEN,"AG Harvest Elite Slim, PCO",
901153-1200,AEROGARDEN,"AG Harvest Elite Slim, PCO",
903000-0100,FG GARDENS,"AeroGdn ULTRA, Blk, No SK",
903000-0200,FG GARDENS,"AeroGdn ULTRA, Blk, No SK",
903000-1100,FG GARDENS,"AeroGdn ULTRA, Blk, GH SK",
903000-1200,FG GARDENS,"AeroGdn ULTRA, Blk, GH SK",
903000-2100,FG GARDENS,"AeroGdn ULTRA, Blk, GH SK, SG",
903000-3100,FG GARDENS,"AeroGdn ULTRA, Blk, GH SK, GA",
903000-4100,FG GARDENS,"AeroGdn ULTRA, Blk, GH SK, SSS",
903000-5100,FG GARDENS,"AeroGdn ULTRA, Blk, GH SK, CT",
903000-6100,FG GARDENS,"AeroGdn ULTRA, 2 SK, MCH Guide",
903000-7100,FG GARDENS,"AeroGdn ULTRA, Blk, GH SK, SG",
903100-0100,FG GARDENS,"AeroGdn ULTRA LED, Blk, No SK",
903100-0200,FG GARDENS,"AeroGdn ULTRA LED, Blk, No SK",
903100-1200,FG GARDENS,"AeroGdn ULTRA LED, Blk, GH SK",
903100-2200,FG GARDENS,"AeroGdn ULTRA LED, Blk w/2 SKs",
903100-2208,FG GARDENS,"AeroGdn ULTRA LED, Blk w/2 SKs",
903100-3100,FG GARDENS,"AeroGdn ULTRA LED,w/ Bonus Pck",
903110-0100,FG GARDENS,AeroGdn Bounty,
903110-0200,FG GARDENS,AeroGdn Bounty,
903110-1100,FG GARDENS,"AeroGdn Bounty, GH SK",
903110-1101,FG GARDENS,"AeroGdn Bounty, GH SK, UK/EU",
903110-1105,FG GARDENS,"AeroGdn Bounty, GH SK, FR",
903110-1200,FG GARDENS,"AeroGdn Bounty, GH SK",
903110-1208,FG GARDENS,"AeroGdn Bounty, GH SK",
903110-2108,FG GARDENS,"AeroGdn Bounty, GH + HCT SK,CA",
903110-3100,FG GARDENS,"AeroGdn Bounty, GH, HCT,Shears",
903111-0100,FG GARDENS,AeroGdn Bounty with Wifi,
903111-1100,FG GARDENS,AeroGdn Bounty with Wifi,
903120-0100,FG GARDENS,AeroGdn Bounty Elite,
903120-0200,FG GARDENS,AeroGdn Bounty Elite,
903120-1100,FG GARDENS,"AeroGdn Bounty Elite, GH SK,SS",
903120-1200,FG GARDENS,"AeroGdn Bounty Elite, GH SK,SS",
903120-1208,FG GARDENS,"AeroGdn Bounty Elite,SS,",
903121-0100,FG GARDENS,AeroGdn Bounty Elite Platinum,
903121-0200,FG GARDENS,AeroGdn Bounty Elite Platinum,
903121-1100,FG GARDENS,AeroGdn Bounty Elite Platinum,
903121-1108,FG GARDENS,AeroGdn Bounty Elite Platinum,
903121-1200,FG GARDENS,AeroGdn Bounty Elite Platinum,
903122-0100,FG GARDENS,AeroGdn Bounty Elite Wifi,
903122-1100,FG GARDENS,AeroGdn Bounty Elite Wifi,
903123-0100,FG GARDENS,"AeroGdn Bounty Elite, Red",
903123-0200,FG GARDENS,"AeroGdn Bounty Elite, Red",
903123-1108,FG GARDENS,"AeroGdn Bounty Elite, Red, GH",
903123-1200,FG GARDENS,"AeroGdn Bounty Elite, Red, GH",
903124-0100,FG GARDENS,"AG Bounty Elite Platinum, Wifi",
903124-1100,FG GARDENS,"AG Bounty Elite Platinum, Wifi",
903125-0100,FG GARDENS,AG Bounty Elite Red Wifi,
903125-1100,FG GARDENS,AG Bounty Elite Red Wifi,
903126-0100,AEROGARDEN,"AG Bounty Basic (2019), BLK",
903126-1100,AEROGARDEN,"AG Bounty Basic (2019), BLK",
903126-1101,AEROGARDEN,"AG Bounty Basic (2019), BLK, UK/EU",
903130-0100,AEROGARDEN,"AG Bounty (2019), BLK",
903130-1100,AEROGARDEN,"AG Bounty (2019), BLK",
903131-0100,AEROGARDEN,"AG Bounty (2019), WHT",
903131-1100,AEROGARDEN,"AG Bounty (2019), WHT",
903132-0100,AEROGARDEN,"AG Bounty Elite (2019), PRE",
903132-1100,AEROGARDEN,"AG Bounty Elite (2019), PRE",
903133-0100,AEROGARDEN,"AG Bounty (2019), STB",
903134-0100,AEROGARDEN,"AG Bounty Elite (2019), SS",
903134-1100,AEROGARDEN,"AG Bounty Elite (2019), SS",
903134-1101,AEROGARDEN,"AG Bounty Elite (2019), SS, UK/EU",
903135-0100,AEROGARDEN,"AG Bounty Elite (2019), PPL",
903135-1100,AEROGARDEN,"AG Bounty Elite (2019), PPL",
903136-0100,AEROGARDEN,"AG Bounty Elite Artisan, PBG",
903137-0100,AEROGARDEN,"AG Bounty Elite Artisan, AWH",
903200-0100,FG GARDENS,"AeroGdn EXTRA, Blk, No SK",
903200-0200,FG GARDENS,"AeroGdn EXTRA, Blk, No SK",
903200-1100,FG GARDENS,"AeroGdn EXTRA, Blk, GH SK",
903200-1200,FG GARDENS,"AeroGdn EXTRA, Blk, GH SK",
903200-2100,FG GARDENS,"AeroGdn EXTRA, Blk, GH SK, SG",
903200-2200,FG GARDENS,"AeroGdn EXTRA, Blk, GH SK, CT",
903300-0100,FG GARDENS,"AeroGdn EXTRA LED, Blk, No SK",
903300-0200,FG GARDENS,"AeroGdn EXTRA LED, Blk, No SK",
903300-1100,FG GARDENS,"AeroGdn EXTRA LED, Blk, GH SK",
903300-1200,FG GARDENS,"AeroGdn EXTRA LED, Blk, GH SK",
903300-2200,FG GARDENS,"AeroGdn EXTRA LED, Blk, GH SK,",
9105-00Z,ACCESSORY,"Acc, Herb n Serve, w/ Bat",
9116-00Z,ACCESSORY,"RP, Pump Filter, 10PK",
9255-00Z,ACCESSORY,"Grow Bulbs, 2Pk, 3U Round",
9301-00T,COMPONENT,"RP, Bowl, Stainless",
9301-00W,COMPONENT,"RP, Bowl, White",
9306-00L,COMPONENT,"RP, Base, Silver, AG 7P",
9307-00B,COMPONENT,"RP, Post, Black, AG 7P &",
9307-00L,COMPONENT,"RP, Post, Silver, AG 7P",
9307-00W,COMPONENT,"RP, Post, White, AG 7P",
9308-00B,COMPONENT,"RP, Hood, Black, AG 7P",
9308-00T,COMPONENT,"RP, Hood, Stainless, Pro100",
9308-00W,COMPONENT,"RP, Hood, White, AG 7P",
9401-00Z,FG SEED KI,"ESN, US",
9419-00Z,ACCESSORY,"Acc, GST Refill Kit, Retail",
970010-0100,ACCESSORY,"Acc, Spacer Plugs, 6 Spacers,",
970020-0000,ACCESSORY,"Acc, Plant Spacers, 18PK",
970021-0100,ACCESSORY,"Acc, Plant Spacers, 25PK",
970116-0100,ACCESSORY,"Acc, Be the Bee",
970120-0100,ACCESSORY,"Acc, Bulb adapter",
970133-0100,ACCESSORY,"Acc, AeroVoir with Stand",
970136-0000,ACCESSORY,"Acc, Mezzaluna Herb Chopper",
970138-0100,ACCESSORY,"Acc, Mezzaluna with",
970139-0100,ACCESSORY,"Acc, Farm, Trellis System",
970140-0100,ACCESSORY,"Acc, Farm Stacking Kit, BLK",
970141-0100,ACCESSORY,"Acc, Farm Stacking Kit, WHT",
970145-0100,ACCESSORY,"Acc, Bounty (2019) Trellis System",
970146-0100,ACCESSORY,"Acc, Bamboo Wall Stand",
970147-0100,ACCESSORY,"Acc, Bamboo Desk Stand with Drawer",
970150-0200,ACCESSORY,"Acc, Herb Keeper, 4CB",
970151-0200,ACCESSORY,"Acc, Herb n Save, 4CB, US",
970151-0208,ACCESSORY,"Acc, Herb n Save, 4CB, CA",
970155-0500,ACCESSORY,"Acc, Trellis System, Black",
970156-0500,ACCESSORY,"Acc, Coils, Black, 4Pk",
970175-0000,ACCESSORY,"Soft Ties for Plants, 25'",
970176-0000,ACCESSORY,"Acc, Easy Up Plant Supports",
970180-0000,ACCESSORY,"Acc, Watering Can, OXO, Blue",
970206-0300,ACCESSORY,"Acc, Herb Shears, Green, WB",
970251-0300,ACCESSORY,"Acc, Cutting Board, Wooden, WB",
970273-0000,ACCESSORY,"Acc, Bulk Baskets (Uni)",
970274-0000,ACCESSORY,"Acc, Bulk Seed Pod Labels",
970276-0000,ACCESSORY,"Acc, Bulk Domes",
970279-0000,ACCESSORY,"Acc, Power Grow Light Booster",
970281-0000,ACCESSORY,"Acc, SuperGrow Nutrients (L)",
970282-0000,ACCESSORY,"Acc, Easy Feed Dispensers(3PK)",
970283-0000,ACCESSORY,"Acc, Active Eye Bug Loupe 30X",
970284-0000,ACCESSORY,"Acc, AquaPro",
970286-0000,ACCESSORY,"Acc, pHEP tester",
970287-0000,ACCESSORY,"Acc, GH pH Down",
970288-0000,ACCESSORY,"Acc, GH pH Up",
970293-0000,ACCESSORY,"Peat, bulk, 50-pack",
970297-0000,ACCESSORY,Easy Start Grow Light System,
970298-0000,ACCESSORY,Oxygen Booster Kit,
970305-0100,ACCESSORY,AG Grow Bowl,
970307-0100,ACCESSORY,"Acc, AG GroBwl & Strawbrrys",
970308-0000,ACCESSORY,"Acc, Grow Media for Use with",
970309-0100,ACCESSORY,GrowBowl and GrowMedia,
970310-0100,ACCESSORY,"ACC, Spout",
970311-0100,ACCESSORY,"ACC, Watering Can with Spout",
970316-0100,ACCESSORY,"Acc, Grow Bowl V2",
970317-0100,ACCESSORY,"Acc, AG GroBwl V2 & Strawbrrys",
970318-0100,ACCESSORY,AG Grow Bowl V2 w/Grow Media,
970320-0000,ACCESSORY,"Acc, Siphon pump",
970330-0000,ACCESSORY,"Acc, Bulk Seed Pod Labels, ROLL",
970404-0000,RAW,"Acc, Book, Mstr Chef, Spiral",
970450-0000,ACCESSORY,"Acc, Book, 50 Ways",
970501-18PK,ACCESSORY,Gro-able 18 Pack Assorted,
970501-4355,ACCESSORY,Gro-able Basil Seed Pod,
970501-4358,ACCESSORY,Gro-ble Cherry Tomato Seed Pod,
970501-4359,ACCESSORY,Gro-able Cilantro Seed Pod,
970501-4391,ACCESSORY,Gro-able Globe Tomato Seed Pod,
970501-4398,ACCESSORY,Gro-able Cucumber Seed Pod,
970501-4399,ACCESSORY,Gro-able Sweet Pepper Seed Pod,
970904-0200,ACCESSORY,"Grow Bulbs, 1Pk, Dlx B",
970904-0300,RAW,"Grow Bulbs, 1Pk, Dlx B",
970905-0100,ACCESSORY,"Grow Bulbs, 1Pk, Deluxe",
970914-0200,ACCESSORY,"Grow Bulbs, 2Pk, Dlx B",
970914-0208,ACCESSORY,"Grow Bulbs, 2Pk, Dlx B",
970914-0300,ACCESSORY,"Grow Bulbs, 2Pk, Dlx B",
970914-3208,ACCESSORY,"Grow Bulbs, 6Pk, Dlx B",
970924-0208,ACCESSORY,"Grow Bulbs, 3Pk, Deluxe",
970934-0100,ACCESSORY,"MaxGrow Light, Triple Pack",
970940-0100,ACCESSORY,12-Watt LED Grow Light,
970940-2100,ACCESSORY,12-Watt LED Grow Light 2pk,
970940-4100,ACCESSORY,12-Watt LED Grow Light 4pk,
970941-0100,ACCESSORY,20-Watt LED Grow Light,
970941-0200,ACCESSORY,20-Watt LED Grow Light,
970941-2100,ACCESSORY,20-Watt LED Grow Light 2pk,
970941-4100,ACCESSORY,20-Watt LED Grow Light 4pk,
970945-0100,ACCESSORY,45-Watt LED Grow Panel+Stand,
970945-0200,ACCESSORY,45-Watt LED Grow Panel+Stand,
970946-0200,ACCESSORY,45-Watt LED Grow Panel+Stand,
970946-4208,ACCESSORY,45-Watt LED Grow Panel+Stand,
971005-0000,RAW,"RP, Float, 7P Only",
971054-0000,ACCESSORY,"RP, Airstone, 5 pack",
971100-0105,ACCESSORY,"RP, Pump, 7P, UK/EU, BB",
971110-0000,COMPONENT,"RP, Farm Plus Metal Frame,Le,B",
971111-0000,COMPONENT,"RP, Farm Plus Metal Frame,Ri,B",
971114-0000,COMPONENT,"RP, Farm Metal Frame, Left,Blk",
971115-0000,COMPONENT,"RP, Farm Metal Frame,Right,Blk",
971118-0000,COMPONENT,"RP, Farm Plus Top, Black",
971119-0000,COMPONENT,"RP, Farm Plus Top, White",
971120-0000,COMPONENT,"RP, Farm Top, Black",
971122-0000,COMPONENT,"RP, Farm/Farm Plus Bowl, BLK",
971123-0000,COMPONENT,"RP, Farm/Farm Plus Bowl, WHT",
971126-0000,COMPONENT,"RP, Farm/Farm Plus LED, BLK",
971127-0000,COMPONENT,"RP, Farm/Farm Plus LED, WHT",
971128-0000,COMPONENT,"RP, Farm/FarmPlus Ctrl Box,BLK",
971131-0000,COMPONENT,"RP, Farm/FarmPlus Ctrl Box,WHT",
971132-0000,RAW,"RP,Farm, LED Power Cord, BLK",
971134-0000,RAW,"RP,FarmPlus,LED Power Cord,BLK",
971139-0000,RAW,"RP, Farm XL Metal Frame,Ri,B",
971150-0100,ACCESSORY,"Pump, Ceramic, 7P, US",
971151-0100,ACCESSORY,"Pump,ULTRA,EXTRA,Bounty,Harves",
972100-0100,COMPONENT,"RP, Post, Black, AG Deluxe &",
972125-0100,COMPONENT,"RP, Cord, Black, AG Deluxe",
972225-0100,COMPONENT,"RP, Cord, White, AG Deluxe",
972300-0100,COMPONENT,"RP, Post, Silver, AG Deluxe",
972350-0100,COMPONENT,"RP, Hood, Silver, AG Deluxe &",
973100-0100,COMPONENT,"RP, Post, Black, AG 3,",
973150-0100,COMPONENT,"RP, Hood, Black, AG 3,",
973176-0100,COMPONENT,"RP, Base, Black, AG 3,",
973186-0100,COMPONENT,"RP, Bowl, Black, AG 3,",
973200-0100,RAW,"RP, Post, White, AG 3,",
973250-0100,COMPONENT,"RP, Hood, White, AG 3,",
973276-0100,COMPONENT,"RP, Base, White, AG 3,",
973286-0100,COMPONENT,"RP, Bowl, White, AG 3,",
973350-0100,COMPONENT,"RP, Hood, Silver, AG 3,",
973385-0100,COMPONENT,"RP, Bowl, Silver, AG 3,",
973485-0100,COMPONENT,"RP, Bowl, Stl, AG 3 Elite,",
973586-0100,COMPONENT,"RP, Bowl, Red, AG 3,",
973650-0100,COMPONENT,"RP, Hood, Ladybug, AG 3,",
973686-0100,COMPONENT,"RP, Bowl, Ladybug, AG 3,",
974100-0100,COMPONENT,"RP, Post, Black, SS6, SS6/PS",
974155-0100,COMPONENT,"RP, Hood, Black, SS6 w/PS",
974180-0100,COMPONENT,"RP, Bowl, Black, SS6 w/PS",
974195-0100,COMPONENT,"RP, Base, Black, SS6 w/PS",
974200-0100,COMPONENT,"RP, Post, White, SS6, SS6/PS",
974255-0100,COMPONENT,"RP, Hood, White, SS6 w/PS",
974280-0100,COMPONENT,"RP, Bowl, White, SS6 w/PS",
974300-0100,COMPONENT,"RP, Post, Silver, SS6, SS6/PS",
974355-0100,COMPONENT,"RP, Hood, Silver, SS6 w/PS",
974380-0100,COMPONENT,"RP, Bowl, Silver, SS6 w/PS",
974455-0100,COMPONENT,"RP, Hood, Stainless, SS6 Elite",
974485-0100,COMPONENT,"RP, Bowl, SS, SS6 Elite",
976100-0100,COMPONENT,"RP, Post, Black, AG 7",
976150-0100,COMPONENT,"RP, Hood, Black, AG 7",
976175-0100,COMPONENT,"RP, Base, Black, AG7MDL 100610",
976185-0100,COMPONENT,"RP, Bowl, Black, AG 6",
976186-0100,COMPONENT,"RP,  Bowl, Black, AG 7",
976200-0100,COMPONENT,"RP, Post, White, AG 6",
976250-0100,COMPONENT,"RP, Hood, White, AG 6",
976275-0100,COMPONENT,"RP, Base, White, AG 6",
976285-0100,COMPONENT,"RP, Bowl, White, AG 6",
976286-0100,COMPONENT,"RP, Bowl, White, AG 7",
976300-0100,COMPONENT,"RP, Post, Silver, AG 6",
976350-0100,COMPONENT,"RP, Hood, Silver, AG 6",
976375-0100,COMPONENT,"RP, Base, Silver, AG 6",
976385-0100,COMPONENT,"RP, Bowl, Silver, AG 6",
976386-0100,COMPONENT,"RP,  Bowl, Silve, AG7",
976405-0100,COMPONENT,"RP, Post, Elite 6+ & Veggie Pr",
976450-0100,COMPONENT,"RP, Hood, Stl, AG Elite 6",
976485-0100,COMPONENT,"RP, Bowl, Stl, AG Elite 6",
976492-0100,COMPONENT,"RP, Hood, Veggie Pro",
976500-0100,COMPONENT,AG Harvest BLK Base/Hood,
976501-0100,COMPONENT,AG Harvest WHT Base/Hood,
976504-0100,COMPONENT,Harvest Elite Tch Rd Base/Hood,
976506-0100,COMPONENT,Harvest (2016) BLK Base/Hood,
976510-0100,COMPONENT,AG Harvest/Wi-Fi BLK Bowl,
976511-0100,COMPONENT,AG Harvest WHT Bowl,
976512-0100,COMPONENT,AG Harvest Elite/Touch Bowl,
976513-0100,COMPONENT,Harvest Elite Touch Red Bowl,
976515-0100,RAW,AG Harvest Red Bowl,
976518-0100,COMPONENT,AG Harvest Elite Platinum Bowl,
976522-0100,COMPONENT,AG Harvest Plus Grey Base/Hood,
976523-0100,COMPONENT,AG Harvest Plus Red Base/Hood,
976526-0100,COMPONENT,AG Harvest Elite PLT Base/Hood,
976532-0100,COMPONENT,"RP, Harvest Grow Deck White",
976534-0100,COMPONENT,AG Harvest Plus Grey Bowl,
976535-0100,COMPONENT,AG Harvest Plus Red Bowl,
976544-0100,COMPONENT,Harvest PLT Premium Base/Hood,
976548-0100,RAW,Harvest Wi-Fi Black Base/Hood,
976551-0100,COMPONENT,"Base/Hood,Wht,AG3SL100303-WHT",
976554-0100,COMPONENT,"Base/Hood,Blk,Sprout100303-BLK",
976555-0100,COMPONENT,"Base/Hood,WHT,Sprout100303-WHT",
976560-0100,COMPONENT,"Base/Hood,Blk,Sprout Plus",
976561-0100,RAW,"Base/Hood,Wht,Sprout Plus",
976565-0100,COMPONENT,Harvest BLK Premium Bowl,
976566-0100,COMPONENT,Harvest PLT Premium Bowl,
976567-0100,COMPONENT,Harvest RED Premium Bowl,
976575-0100,COMPONENT,"RP, Bowl,Blk,AG3SL 100303-BLK",
976576-0100,COMPONENT,"RP, Bowl,Wht,AG3SL 100303-WHT",
976577-0100,COMPONENT,"RP, Bowl,RED,Sprout 100303-RED",
976579-0100,COMPONENT,"RP, Bowl,BLK,Sprout/SproutPLus",
976580-0100,COMPONENT,"RP, Bowl,WHT,Sprout/SproutPLus",
976581-0100,COMPONENT,"RP, Bowl, RED, Sprout LED",
976586-0100,COMPONENT,"PortCover,Wht,AG3SL 100303-WHT",
976600-0100,COMPONENT,"Post, Aluminum, AG7 Mdl 2014",
976602-0100,COMPONENT,Harvest Touch BLK Base/Hood,
976610-0100,COMPONENT,Harvest Touch EGG Bowl,
976612-0100,COMPONENT,Harvest Touch BLK Bowl,
976615-0100,COMPONENT,Harvest Touch WHT Bowl,
976625-0100,RAW,HarvestEliteWiFi RED Bowl,
976650-0100,COMPONENT,"RP,CFL Hood, Black, AG7",
976675-0100,COMPONENT,"RP, Base, Black, AG7 Mdl 2014",
976685-0100,COMPONENT,"RP, Bowl, Black, AG7 Mdl 2014",
976686-0100,COMPONENT,"RP,Grow Deck, Blk,AG7 Mdl 2014",
976700-0100,COMPONENT,"RP,PostAG6/AG6LED Mdl 2014",
976710-0100,COMPONENT,"RP,Hood, AG6 LED, Black Hood",
976750-0100,COMPONENT,"RP,Hood,Black,AG6/SS6 Mdl 2014",
976775-0100,COMPONENT,"RP,Base, AG6/AG6LED 2014 mdl",
976785-0100,COMPONENT,"RP,Bowl,AG6/AG6LED Mdl 2014",
976786-0100,COMPONENT,"Grow Deck,AG6/AG6LED Mdl 2014",
976810-0000,COMPONENT,"RP, Hood, Black, Ultra & Extra",
976811-0000,COMPONENT,"RP, Hood, Black, Ultra LED 30W",
976812-0000,COMPONENT,"RP,Hood,Black,AG7 LED",
976813-0000,COMPONENT,"RP, Hood, Black, Extra LED 30W",
976814-0000,RAW,"RP, AP 30W LED Hood",
976816-0000,RAW,"RP, AP 30W LED Hood V3",
976820-0000,COMPONENT,"RP,Trellis,Ultra,Extra, Bounty",
976830-0000,COMPONENT,"RP Bowl,BLK,Ultra/Extra",
976831-0100,COMPONENT,"RP Bowl, BLK, Bounty",
976840-0000,COMPONENT,"RP, Base, Black, Ultra",
976841-0000,COMPONENT,"RP, Base, Black, Extra 5/55",
976842-0000,COMPONENT,"RP, Base, Black, Extra 2/238",
976843-0000,COMPONENT,"RP, Base, Black, Extra 2/9999",
976850-0000,COMPONENT,"Post, Black,Ultra,Extra,Bounty",
976860-0000,ACCESSORY,Ultra Upgrade Kit,
976900-0100,COMPONENT,"RP, AG Bounty Hood",
976901-0100,COMPONENT,"RP, AG Bounty Elite SS Hood",
976902-0100,COMPONENT,"RP, AG Bounty Elite Red Hood",
976903-0100,COMPONENT,"RP, AG Bounty Elite PLT Hood",
976910-0100,COMPONENT,Bounty/Bounty Elite Grow Deck,
976911-0100,COMPONENT,"RP, AG Bounty Elite SS Bowl",
976912-0100,COMPONENT,"RP, AG Bounty Elite Red Bowl",
976913-0100,COMPONENT,"RP, AG Bounty Elite PLT Bowl",
976920-0100,COMPONENT,"RP,AG Bounty/Bounty Elite Base",
976921-0100,COMPONENT,"RP,AG Bounty Elite Red Base",
976922-0100,COMPONENT,"RP,AG Bounty Elite PLT Base",
976923-0100,COMPONENT,"RP, AG Bounty Wi-Fi Base",
976924-0100,COMPONENT,"RP, AG Bounty Elite Wi-Fi Base",
976925-0100,COMPONENT,"RP,Bounty Elite Red Wi-Fi Base",
976926-0100,COMPONENT,"RP,Bounty Elite PLT Wi-Fi Base",
976927-0000,RAW,"RP, Harvest 2018 Model, US Power Adapter",
976950-0100,COMPONENT,"RP, Hood, White, AG7 Mdl 2014",
